model,n_external,accuracy,auroc,auprc,mcc,brier,ece
random_forest,6482,0.7955877815489046,0.9124757309228426,0.9405335389150538,0.5798126299183456,0.1334526119439253,0.0872722725654872
xgboost,6482,0.810398025300833,0.8878109945649937,0.9137574550359326,0.6060345395264448,0.1440334159272087,0.0955672753944335
