dataset,task_type,rows,valid_smiles,invalid_smiles,unique_molecules,duplicate_molecules,mol_weight_mean,logp_mean,class_distribution,target_mean,target_std
BBBP,classification,2030,2030,0,1975,55,344.8237620689656,2.314721133004928,"{1: 1551, 0: 479}",,
ClinTox,classification,1478,1478,0,1459,19,383.1823032428756,1.2999261840324776,"{0: 1366, 1: 112}",,
Lipophilicity,regression,4200,4200,0,4200,0,383.1413304761906,3.2803048476190497,,2.1863357142857143,1.203003713387104
Solubility,regression,9982,9982,0,9982,0,266.66594871787,1.979940098176719,,-2.8899088047869865,2.368154448407012
Tox21_NR-AR,classification,7265,7265,0,7265,0,274.54591777159925,2.38417297178252,"{0.0: 6956, 1.0: 309}",,
Tox21_SR-p53,classification,6774,6774,0,6774,0,266.3507346635176,2.22128927074107,"{0.0: 6351, 1.0: 423}",,
